sub1,sub2,pairID,trialID,stim1,stim2
101,102,1,1,stimuli/own/kitchen/101_kit.jpg,stimuli/own/kitchen/102_kit.jpg
101,103,2,2,stimuli/own/kitchen/101_kit.jpg,stimuli/own/kitchen/103_kit.jpg
101,104,3,3,stimuli/own/kitchen/101_kit.jpg,stimuli/own/kitchen/104_kit.jpg
101,105,4,4,stimuli/own/kitchen/101_kit.jpg,stimuli/own/kitchen/105_kit.jpg
101,106,5,5,stimuli/own/kitchen/101_kit.jpg,stimuli/own/kitchen/106_kit.jpg
101,109,6,6,stimuli/own/kitchen/101_kit.jpg,stimuli/own/kitchen/109_kit.jpg
101,111,7,7,stimuli/own/kitchen/101_kit.jpg,stimuli/own/kitchen/111_kit.jpg
101,112,8,8,stimuli/own/kitchen/101_kit.jpg,stimuli/own/kitchen/112_kit.jpg
101,113,9,9,stimuli/own/kitchen/101_kit.jpg,stimuli/own/kitchen/113_kit.jpg
101,114,10,10,stimuli/own/kitchen/101_kit.jpg,stimuli/own/kitchen/114_kit.jpg
101,116,11,11,stimuli/own/kitchen/101_kit.jpg,stimuli/own/kitchen/116_kit.jpg
101,117,12,12,stimuli/own/kitchen/101_kit.jpg,stimuli/own/kitchen/117_kit.jpg
101,118,13,13,stimuli/own/kitchen/101_kit.jpg,stimuli/own/kitchen/118_kit.jpg
101,119,14,14,stimuli/own/kitchen/101_kit.jpg,stimuli/own/kitchen/119_kit.jpg
101,120,15,15,stimuli/own/kitchen/101_kit.jpg,stimuli/own/kitchen/120_kit.jpg
101,121,16,16,stimuli/own/kitchen/101_kit.jpg,stimuli/own/kitchen/121_kit.jpg
101,122,17,17,stimuli/own/kitchen/101_kit.jpg,stimuli/own/kitchen/122_kit.jpg
101,123,18,18,stimuli/own/kitchen/101_kit.jpg,stimuli/own/kitchen/123_kit.jpg
101,124,19,19,stimuli/own/kitchen/101_kit.jpg,stimuli/own/kitchen/124_kit.jpg
101,125,20,20,stimuli/own/kitchen/101_kit.jpg,stimuli/own/kitchen/125_kit.jpg
101,126,21,21,stimuli/own/kitchen/101_kit.jpg,stimuli/own/kitchen/126_kit.jpg
101,127,22,22,stimuli/own/kitchen/101_kit.jpg,stimuli/own/kitchen/127_kit.jpg
101,129,23,23,stimuli/own/kitchen/101_kit.jpg,stimuli/own/kitchen/129_kit.jpg
101,130,24,24,stimuli/own/kitchen/101_kit.jpg,stimuli/own/kitchen/130_kit.jpg
101,131,25,25,stimuli/own/kitchen/101_kit.jpg,stimuli/own/kitchen/131_kit.jpg
101,132,26,26,stimuli/own/kitchen/101_kit.jpg,stimuli/own/kitchen/132_kit.jpg
101,134,27,27,stimuli/own/kitchen/101_kit.jpg,stimuli/own/kitchen/134_kit.jpg
101,135,28,28,stimuli/own/kitchen/101_kit.jpg,stimuli/own/kitchen/135_kit.jpg
101,136,29,29,stimuli/own/kitchen/101_kit.jpg,stimuli/own/kitchen/136_kit.jpg
101,137,30,30,stimuli/own/kitchen/101_kit.jpg,stimuli/own/kitchen/137_kit.jpg
101,138,31,31,stimuli/own/kitchen/101_kit.jpg,stimuli/own/kitchen/138_kit.jpg
101,139,32,32,stimuli/own/kitchen/101_kit.jpg,stimuli/own/kitchen/139_kit.jpg
101,140,33,33,stimuli/own/kitchen/101_kit.jpg,stimuli/own/kitchen/140_kit.jpg
101,141,34,34,stimuli/own/kitchen/101_kit.jpg,stimuli/own/kitchen/141_kit.jpg
102,103,35,35,stimuli/own/kitchen/102_kit.jpg,stimuli/own/kitchen/103_kit.jpg
102,104,36,36,stimuli/own/kitchen/102_kit.jpg,stimuli/own/kitchen/104_kit.jpg
102,105,37,37,stimuli/own/kitchen/102_kit.jpg,stimuli/own/kitchen/105_kit.jpg
102,106,38,38,stimuli/own/kitchen/102_kit.jpg,stimuli/own/kitchen/106_kit.jpg
102,109,39,39,stimuli/own/kitchen/102_kit.jpg,stimuli/own/kitchen/109_kit.jpg
102,111,40,40,stimuli/own/kitchen/102_kit.jpg,stimuli/own/kitchen/111_kit.jpg
102,112,41,41,stimuli/own/kitchen/102_kit.jpg,stimuli/own/kitchen/112_kit.jpg
102,113,42,42,stimuli/own/kitchen/102_kit.jpg,stimuli/own/kitchen/113_kit.jpg
102,114,43,43,stimuli/own/kitchen/102_kit.jpg,stimuli/own/kitchen/114_kit.jpg
102,116,44,44,stimuli/own/kitchen/102_kit.jpg,stimuli/own/kitchen/116_kit.jpg
102,117,45,45,stimuli/own/kitchen/102_kit.jpg,stimuli/own/kitchen/117_kit.jpg
102,118,46,46,stimuli/own/kitchen/102_kit.jpg,stimuli/own/kitchen/118_kit.jpg
102,119,47,47,stimuli/own/kitchen/102_kit.jpg,stimuli/own/kitchen/119_kit.jpg
102,120,48,48,stimuli/own/kitchen/102_kit.jpg,stimuli/own/kitchen/120_kit.jpg
102,121,49,49,stimuli/own/kitchen/102_kit.jpg,stimuli/own/kitchen/121_kit.jpg
102,122,50,50,stimuli/own/kitchen/102_kit.jpg,stimuli/own/kitchen/122_kit.jpg
102,123,51,51,stimuli/own/kitchen/102_kit.jpg,stimuli/own/kitchen/123_kit.jpg
102,124,52,52,stimuli/own/kitchen/102_kit.jpg,stimuli/own/kitchen/124_kit.jpg
102,125,53,53,stimuli/own/kitchen/102_kit.jpg,stimuli/own/kitchen/125_kit.jpg
102,126,54,54,stimuli/own/kitchen/102_kit.jpg,stimuli/own/kitchen/126_kit.jpg
102,127,55,55,stimuli/own/kitchen/102_kit.jpg,stimuli/own/kitchen/127_kit.jpg
102,129,56,56,stimuli/own/kitchen/102_kit.jpg,stimuli/own/kitchen/129_kit.jpg
102,130,57,57,stimuli/own/kitchen/102_kit.jpg,stimuli/own/kitchen/130_kit.jpg
102,131,58,58,stimuli/own/kitchen/102_kit.jpg,stimuli/own/kitchen/131_kit.jpg
102,132,59,59,stimuli/own/kitchen/102_kit.jpg,stimuli/own/kitchen/132_kit.jpg
102,134,60,60,stimuli/own/kitchen/102_kit.jpg,stimuli/own/kitchen/134_kit.jpg
102,135,61,61,stimuli/own/kitchen/102_kit.jpg,stimuli/own/kitchen/135_kit.jpg
102,136,62,62,stimuli/own/kitchen/102_kit.jpg,stimuli/own/kitchen/136_kit.jpg
102,137,63,63,stimuli/own/kitchen/102_kit.jpg,stimuli/own/kitchen/137_kit.jpg
102,138,64,64,stimuli/own/kitchen/102_kit.jpg,stimuli/own/kitchen/138_kit.jpg
102,139,65,65,stimuli/own/kitchen/102_kit.jpg,stimuli/own/kitchen/139_kit.jpg
102,140,66,66,stimuli/own/kitchen/102_kit.jpg,stimuli/own/kitchen/140_kit.jpg
102,141,67,67,stimuli/own/kitchen/102_kit.jpg,stimuli/own/kitchen/141_kit.jpg
103,104,68,68,stimuli/own/kitchen/103_kit.jpg,stimuli/own/kitchen/104_kit.jpg
103,105,69,69,stimuli/own/kitchen/103_kit.jpg,stimuli/own/kitchen/105_kit.jpg
103,106,70,70,stimuli/own/kitchen/103_kit.jpg,stimuli/own/kitchen/106_kit.jpg
103,109,71,71,stimuli/own/kitchen/103_kit.jpg,stimuli/own/kitchen/109_kit.jpg
103,111,72,72,stimuli/own/kitchen/103_kit.jpg,stimuli/own/kitchen/111_kit.jpg
103,112,73,73,stimuli/own/kitchen/103_kit.jpg,stimuli/own/kitchen/112_kit.jpg
103,113,74,74,stimuli/own/kitchen/103_kit.jpg,stimuli/own/kitchen/113_kit.jpg
103,114,75,75,stimuli/own/kitchen/103_kit.jpg,stimuli/own/kitchen/114_kit.jpg
103,116,76,76,stimuli/own/kitchen/103_kit.jpg,stimuli/own/kitchen/116_kit.jpg
103,117,77,77,stimuli/own/kitchen/103_kit.jpg,stimuli/own/kitchen/117_kit.jpg
103,118,78,78,stimuli/own/kitchen/103_kit.jpg,stimuli/own/kitchen/118_kit.jpg
103,119,79,79,stimuli/own/kitchen/103_kit.jpg,stimuli/own/kitchen/119_kit.jpg
103,120,80,80,stimuli/own/kitchen/103_kit.jpg,stimuli/own/kitchen/120_kit.jpg
103,121,81,81,stimuli/own/kitchen/103_kit.jpg,stimuli/own/kitchen/121_kit.jpg
103,122,82,82,stimuli/own/kitchen/103_kit.jpg,stimuli/own/kitchen/122_kit.jpg
103,123,83,83,stimuli/own/kitchen/103_kit.jpg,stimuli/own/kitchen/123_kit.jpg
103,124,84,84,stimuli/own/kitchen/103_kit.jpg,stimuli/own/kitchen/124_kit.jpg
103,125,85,85,stimuli/own/kitchen/103_kit.jpg,stimuli/own/kitchen/125_kit.jpg
103,126,86,86,stimuli/own/kitchen/103_kit.jpg,stimuli/own/kitchen/126_kit.jpg
103,127,87,87,stimuli/own/kitchen/103_kit.jpg,stimuli/own/kitchen/127_kit.jpg
103,129,88,88,stimuli/own/kitchen/103_kit.jpg,stimuli/own/kitchen/129_kit.jpg
103,130,89,89,stimuli/own/kitchen/103_kit.jpg,stimuli/own/kitchen/130_kit.jpg
103,131,90,90,stimuli/own/kitchen/103_kit.jpg,stimuli/own/kitchen/131_kit.jpg
103,132,91,91,stimuli/own/kitchen/103_kit.jpg,stimuli/own/kitchen/132_kit.jpg
103,134,92,92,stimuli/own/kitchen/103_kit.jpg,stimuli/own/kitchen/134_kit.jpg
103,135,93,93,stimuli/own/kitchen/103_kit.jpg,stimuli/own/kitchen/135_kit.jpg
103,136,94,94,stimuli/own/kitchen/103_kit.jpg,stimuli/own/kitchen/136_kit.jpg
103,137,95,95,stimuli/own/kitchen/103_kit.jpg,stimuli/own/kitchen/137_kit.jpg
103,138,96,96,stimuli/own/kitchen/103_kit.jpg,stimuli/own/kitchen/138_kit.jpg
103,139,97,97,stimuli/own/kitchen/103_kit.jpg,stimuli/own/kitchen/139_kit.jpg
103,140,98,98,stimuli/own/kitchen/103_kit.jpg,stimuli/own/kitchen/140_kit.jpg
103,141,99,99,stimuli/own/kitchen/103_kit.jpg,stimuli/own/kitchen/141_kit.jpg
104,105,100,100,stimuli/own/kitchen/104_kit.jpg,stimuli/own/kitchen/105_kit.jpg
104,106,101,101,stimuli/own/kitchen/104_kit.jpg,stimuli/own/kitchen/106_kit.jpg
104,109,102,102,stimuli/own/kitchen/104_kit.jpg,stimuli/own/kitchen/109_kit.jpg
104,111,103,103,stimuli/own/kitchen/104_kit.jpg,stimuli/own/kitchen/111_kit.jpg
104,112,104,104,stimuli/own/kitchen/104_kit.jpg,stimuli/own/kitchen/112_kit.jpg
104,113,105,105,stimuli/own/kitchen/104_kit.jpg,stimuli/own/kitchen/113_kit.jpg
104,114,106,106,stimuli/own/kitchen/104_kit.jpg,stimuli/own/kitchen/114_kit.jpg
104,116,107,107,stimuli/own/kitchen/104_kit.jpg,stimuli/own/kitchen/116_kit.jpg
104,117,108,108,stimuli/own/kitchen/104_kit.jpg,stimuli/own/kitchen/117_kit.jpg
104,118,109,109,stimuli/own/kitchen/104_kit.jpg,stimuli/own/kitchen/118_kit.jpg
104,119,110,110,stimuli/own/kitchen/104_kit.jpg,stimuli/own/kitchen/119_kit.jpg
104,120,111,111,stimuli/own/kitchen/104_kit.jpg,stimuli/own/kitchen/120_kit.jpg
104,121,112,112,stimuli/own/kitchen/104_kit.jpg,stimuli/own/kitchen/121_kit.jpg
104,122,113,113,stimuli/own/kitchen/104_kit.jpg,stimuli/own/kitchen/122_kit.jpg
104,123,114,114,stimuli/own/kitchen/104_kit.jpg,stimuli/own/kitchen/123_kit.jpg
104,124,115,115,stimuli/own/kitchen/104_kit.jpg,stimuli/own/kitchen/124_kit.jpg
104,125,116,116,stimuli/own/kitchen/104_kit.jpg,stimuli/own/kitchen/125_kit.jpg
104,126,117,117,stimuli/own/kitchen/104_kit.jpg,stimuli/own/kitchen/126_kit.jpg
104,127,118,118,stimuli/own/kitchen/104_kit.jpg,stimuli/own/kitchen/127_kit.jpg
104,129,119,119,stimuli/own/kitchen/104_kit.jpg,stimuli/own/kitchen/129_kit.jpg
104,130,120,120,stimuli/own/kitchen/104_kit.jpg,stimuli/own/kitchen/130_kit.jpg
104,131,121,121,stimuli/own/kitchen/104_kit.jpg,stimuli/own/kitchen/131_kit.jpg
104,132,122,122,stimuli/own/kitchen/104_kit.jpg,stimuli/own/kitchen/132_kit.jpg
104,134,123,123,stimuli/own/kitchen/104_kit.jpg,stimuli/own/kitchen/134_kit.jpg
104,135,124,124,stimuli/own/kitchen/104_kit.jpg,stimuli/own/kitchen/135_kit.jpg
104,136,125,125,stimuli/own/kitchen/104_kit.jpg,stimuli/own/kitchen/136_kit.jpg
104,137,126,126,stimuli/own/kitchen/104_kit.jpg,stimuli/own/kitchen/137_kit.jpg
104,138,127,127,stimuli/own/kitchen/104_kit.jpg,stimuli/own/kitchen/138_kit.jpg
104,139,128,128,stimuli/own/kitchen/104_kit.jpg,stimuli/own/kitchen/139_kit.jpg
104,140,129,129,stimuli/own/kitchen/104_kit.jpg,stimuli/own/kitchen/140_kit.jpg
104,141,130,130,stimuli/own/kitchen/104_kit.jpg,stimuli/own/kitchen/141_kit.jpg
105,106,131,131,stimuli/own/kitchen/105_kit.jpg,stimuli/own/kitchen/106_kit.jpg
105,109,132,132,stimuli/own/kitchen/105_kit.jpg,stimuli/own/kitchen/109_kit.jpg
105,111,133,133,stimuli/own/kitchen/105_kit.jpg,stimuli/own/kitchen/111_kit.jpg
105,112,134,134,stimuli/own/kitchen/105_kit.jpg,stimuli/own/kitchen/112_kit.jpg
105,113,135,135,stimuli/own/kitchen/105_kit.jpg,stimuli/own/kitchen/113_kit.jpg
105,114,136,136,stimuli/own/kitchen/105_kit.jpg,stimuli/own/kitchen/114_kit.jpg
105,116,137,137,stimuli/own/kitchen/105_kit.jpg,stimuli/own/kitchen/116_kit.jpg
105,117,138,138,stimuli/own/kitchen/105_kit.jpg,stimuli/own/kitchen/117_kit.jpg
105,118,139,139,stimuli/own/kitchen/105_kit.jpg,stimuli/own/kitchen/118_kit.jpg
105,119,140,140,stimuli/own/kitchen/105_kit.jpg,stimuli/own/kitchen/119_kit.jpg
105,120,141,141,stimuli/own/kitchen/105_kit.jpg,stimuli/own/kitchen/120_kit.jpg
105,121,142,142,stimuli/own/kitchen/105_kit.jpg,stimuli/own/kitchen/121_kit.jpg
105,122,143,143,stimuli/own/kitchen/105_kit.jpg,stimuli/own/kitchen/122_kit.jpg
105,123,144,144,stimuli/own/kitchen/105_kit.jpg,stimuli/own/kitchen/123_kit.jpg
105,124,145,145,stimuli/own/kitchen/105_kit.jpg,stimuli/own/kitchen/124_kit.jpg
105,125,146,146,stimuli/own/kitchen/105_kit.jpg,stimuli/own/kitchen/125_kit.jpg
105,126,147,147,stimuli/own/kitchen/105_kit.jpg,stimuli/own/kitchen/126_kit.jpg
105,127,148,148,stimuli/own/kitchen/105_kit.jpg,stimuli/own/kitchen/127_kit.jpg
105,129,149,149,stimuli/own/kitchen/105_kit.jpg,stimuli/own/kitchen/129_kit.jpg
105,130,150,150,stimuli/own/kitchen/105_kit.jpg,stimuli/own/kitchen/130_kit.jpg
105,131,151,151,stimuli/own/kitchen/105_kit.jpg,stimuli/own/kitchen/131_kit.jpg
105,132,152,152,stimuli/own/kitchen/105_kit.jpg,stimuli/own/kitchen/132_kit.jpg
105,134,153,153,stimuli/own/kitchen/105_kit.jpg,stimuli/own/kitchen/134_kit.jpg
105,135,154,154,stimuli/own/kitchen/105_kit.jpg,stimuli/own/kitchen/135_kit.jpg
105,136,155,155,stimuli/own/kitchen/105_kit.jpg,stimuli/own/kitchen/136_kit.jpg
105,137,156,156,stimuli/own/kitchen/105_kit.jpg,stimuli/own/kitchen/137_kit.jpg
105,138,157,157,stimuli/own/kitchen/105_kit.jpg,stimuli/own/kitchen/138_kit.jpg
105,139,158,158,stimuli/own/kitchen/105_kit.jpg,stimuli/own/kitchen/139_kit.jpg
105,140,159,159,stimuli/own/kitchen/105_kit.jpg,stimuli/own/kitchen/140_kit.jpg
105,141,160,160,stimuli/own/kitchen/105_kit.jpg,stimuli/own/kitchen/141_kit.jpg
106,109,161,161,stimuli/own/kitchen/106_kit.jpg,stimuli/own/kitchen/109_kit.jpg
106,111,162,162,stimuli/own/kitchen/106_kit.jpg,stimuli/own/kitchen/111_kit.jpg
106,112,163,163,stimuli/own/kitchen/106_kit.jpg,stimuli/own/kitchen/112_kit.jpg
106,113,164,164,stimuli/own/kitchen/106_kit.jpg,stimuli/own/kitchen/113_kit.jpg
106,114,165,165,stimuli/own/kitchen/106_kit.jpg,stimuli/own/kitchen/114_kit.jpg
106,116,166,166,stimuli/own/kitchen/106_kit.jpg,stimuli/own/kitchen/116_kit.jpg
106,117,167,167,stimuli/own/kitchen/106_kit.jpg,stimuli/own/kitchen/117_kit.jpg
106,118,168,168,stimuli/own/kitchen/106_kit.jpg,stimuli/own/kitchen/118_kit.jpg
106,119,169,169,stimuli/own/kitchen/106_kit.jpg,stimuli/own/kitchen/119_kit.jpg
106,120,170,170,stimuli/own/kitchen/106_kit.jpg,stimuli/own/kitchen/120_kit.jpg
106,121,171,171,stimuli/own/kitchen/106_kit.jpg,stimuli/own/kitchen/121_kit.jpg
106,122,172,172,stimuli/own/kitchen/106_kit.jpg,stimuli/own/kitchen/122_kit.jpg
106,123,173,173,stimuli/own/kitchen/106_kit.jpg,stimuli/own/kitchen/123_kit.jpg
106,124,174,174,stimuli/own/kitchen/106_kit.jpg,stimuli/own/kitchen/124_kit.jpg
106,125,175,175,stimuli/own/kitchen/106_kit.jpg,stimuli/own/kitchen/125_kit.jpg
106,126,176,176,stimuli/own/kitchen/106_kit.jpg,stimuli/own/kitchen/126_kit.jpg
106,127,177,177,stimuli/own/kitchen/106_kit.jpg,stimuli/own/kitchen/127_kit.jpg
106,129,178,178,stimuli/own/kitchen/106_kit.jpg,stimuli/own/kitchen/129_kit.jpg
106,130,179,179,stimuli/own/kitchen/106_kit.jpg,stimuli/own/kitchen/130_kit.jpg
106,131,180,180,stimuli/own/kitchen/106_kit.jpg,stimuli/own/kitchen/131_kit.jpg
106,132,181,181,stimuli/own/kitchen/106_kit.jpg,stimuli/own/kitchen/132_kit.jpg
106,134,182,182,stimuli/own/kitchen/106_kit.jpg,stimuli/own/kitchen/134_kit.jpg
106,135,183,183,stimuli/own/kitchen/106_kit.jpg,stimuli/own/kitchen/135_kit.jpg
106,136,184,184,stimuli/own/kitchen/106_kit.jpg,stimuli/own/kitchen/136_kit.jpg
106,137,185,185,stimuli/own/kitchen/106_kit.jpg,stimuli/own/kitchen/137_kit.jpg
106,138,186,186,stimuli/own/kitchen/106_kit.jpg,stimuli/own/kitchen/138_kit.jpg
106,139,187,187,stimuli/own/kitchen/106_kit.jpg,stimuli/own/kitchen/139_kit.jpg
106,140,188,188,stimuli/own/kitchen/106_kit.jpg,stimuli/own/kitchen/140_kit.jpg
106,141,189,189,stimuli/own/kitchen/106_kit.jpg,stimuli/own/kitchen/141_kit.jpg
109,111,190,190,stimuli/own/kitchen/109_kit.jpg,stimuli/own/kitchen/111_kit.jpg
109,112,191,191,stimuli/own/kitchen/109_kit.jpg,stimuli/own/kitchen/112_kit.jpg
109,113,192,192,stimuli/own/kitchen/109_kit.jpg,stimuli/own/kitchen/113_kit.jpg
109,114,193,193,stimuli/own/kitchen/109_kit.jpg,stimuli/own/kitchen/114_kit.jpg
109,116,194,194,stimuli/own/kitchen/109_kit.jpg,stimuli/own/kitchen/116_kit.jpg
109,117,195,195,stimuli/own/kitchen/109_kit.jpg,stimuli/own/kitchen/117_kit.jpg
109,118,196,196,stimuli/own/kitchen/109_kit.jpg,stimuli/own/kitchen/118_kit.jpg
109,119,197,197,stimuli/own/kitchen/109_kit.jpg,stimuli/own/kitchen/119_kit.jpg
109,120,198,198,stimuli/own/kitchen/109_kit.jpg,stimuli/own/kitchen/120_kit.jpg
109,121,199,199,stimuli/own/kitchen/109_kit.jpg,stimuli/own/kitchen/121_kit.jpg
109,122,200,200,stimuli/own/kitchen/109_kit.jpg,stimuli/own/kitchen/122_kit.jpg
109,123,201,201,stimuli/own/kitchen/109_kit.jpg,stimuli/own/kitchen/123_kit.jpg
109,124,202,202,stimuli/own/kitchen/109_kit.jpg,stimuli/own/kitchen/124_kit.jpg
109,125,203,203,stimuli/own/kitchen/109_kit.jpg,stimuli/own/kitchen/125_kit.jpg
109,126,204,204,stimuli/own/kitchen/109_kit.jpg,stimuli/own/kitchen/126_kit.jpg
109,127,205,205,stimuli/own/kitchen/109_kit.jpg,stimuli/own/kitchen/127_kit.jpg
109,129,206,206,stimuli/own/kitchen/109_kit.jpg,stimuli/own/kitchen/129_kit.jpg
109,130,207,207,stimuli/own/kitchen/109_kit.jpg,stimuli/own/kitchen/130_kit.jpg
109,131,208,208,stimuli/own/kitchen/109_kit.jpg,stimuli/own/kitchen/131_kit.jpg
109,132,209,209,stimuli/own/kitchen/109_kit.jpg,stimuli/own/kitchen/132_kit.jpg
109,134,210,210,stimuli/own/kitchen/109_kit.jpg,stimuli/own/kitchen/134_kit.jpg
109,135,211,211,stimuli/own/kitchen/109_kit.jpg,stimuli/own/kitchen/135_kit.jpg
109,136,212,212,stimuli/own/kitchen/109_kit.jpg,stimuli/own/kitchen/136_kit.jpg
109,137,213,213,stimuli/own/kitchen/109_kit.jpg,stimuli/own/kitchen/137_kit.jpg
109,138,214,214,stimuli/own/kitchen/109_kit.jpg,stimuli/own/kitchen/138_kit.jpg
109,139,215,215,stimuli/own/kitchen/109_kit.jpg,stimuli/own/kitchen/139_kit.jpg
109,140,216,216,stimuli/own/kitchen/109_kit.jpg,stimuli/own/kitchen/140_kit.jpg
109,141,217,217,stimuli/own/kitchen/109_kit.jpg,stimuli/own/kitchen/141_kit.jpg
111,112,218,218,stimuli/own/kitchen/111_kit.jpg,stimuli/own/kitchen/112_kit.jpg
111,113,219,219,stimuli/own/kitchen/111_kit.jpg,stimuli/own/kitchen/113_kit.jpg
111,114,220,220,stimuli/own/kitchen/111_kit.jpg,stimuli/own/kitchen/114_kit.jpg
111,116,221,221,stimuli/own/kitchen/111_kit.jpg,stimuli/own/kitchen/116_kit.jpg
111,117,222,222,stimuli/own/kitchen/111_kit.jpg,stimuli/own/kitchen/117_kit.jpg
111,118,223,223,stimuli/own/kitchen/111_kit.jpg,stimuli/own/kitchen/118_kit.jpg
111,119,224,224,stimuli/own/kitchen/111_kit.jpg,stimuli/own/kitchen/119_kit.jpg
111,120,225,225,stimuli/own/kitchen/111_kit.jpg,stimuli/own/kitchen/120_kit.jpg
111,121,226,226,stimuli/own/kitchen/111_kit.jpg,stimuli/own/kitchen/121_kit.jpg
111,122,227,227,stimuli/own/kitchen/111_kit.jpg,stimuli/own/kitchen/122_kit.jpg
111,123,228,228,stimuli/own/kitchen/111_kit.jpg,stimuli/own/kitchen/123_kit.jpg
111,124,229,229,stimuli/own/kitchen/111_kit.jpg,stimuli/own/kitchen/124_kit.jpg
111,125,230,230,stimuli/own/kitchen/111_kit.jpg,stimuli/own/kitchen/125_kit.jpg
111,126,231,231,stimuli/own/kitchen/111_kit.jpg,stimuli/own/kitchen/126_kit.jpg
111,127,232,232,stimuli/own/kitchen/111_kit.jpg,stimuli/own/kitchen/127_kit.jpg
111,129,233,233,stimuli/own/kitchen/111_kit.jpg,stimuli/own/kitchen/129_kit.jpg
111,130,234,234,stimuli/own/kitchen/111_kit.jpg,stimuli/own/kitchen/130_kit.jpg
111,131,235,235,stimuli/own/kitchen/111_kit.jpg,stimuli/own/kitchen/131_kit.jpg
111,132,236,236,stimuli/own/kitchen/111_kit.jpg,stimuli/own/kitchen/132_kit.jpg
111,134,237,237,stimuli/own/kitchen/111_kit.jpg,stimuli/own/kitchen/134_kit.jpg
111,135,238,238,stimuli/own/kitchen/111_kit.jpg,stimuli/own/kitchen/135_kit.jpg
111,136,239,239,stimuli/own/kitchen/111_kit.jpg,stimuli/own/kitchen/136_kit.jpg
111,137,240,240,stimuli/own/kitchen/111_kit.jpg,stimuli/own/kitchen/137_kit.jpg
111,138,241,241,stimuli/own/kitchen/111_kit.jpg,stimuli/own/kitchen/138_kit.jpg
111,139,242,242,stimuli/own/kitchen/111_kit.jpg,stimuli/own/kitchen/139_kit.jpg
111,140,243,243,stimuli/own/kitchen/111_kit.jpg,stimuli/own/kitchen/140_kit.jpg
111,141,244,244,stimuli/own/kitchen/111_kit.jpg,stimuli/own/kitchen/141_kit.jpg
112,113,245,245,stimuli/own/kitchen/112_kit.jpg,stimuli/own/kitchen/113_kit.jpg
112,114,246,246,stimuli/own/kitchen/112_kit.jpg,stimuli/own/kitchen/114_kit.jpg
112,116,247,247,stimuli/own/kitchen/112_kit.jpg,stimuli/own/kitchen/116_kit.jpg
112,117,248,248,stimuli/own/kitchen/112_kit.jpg,stimuli/own/kitchen/117_kit.jpg
112,118,249,249,stimuli/own/kitchen/112_kit.jpg,stimuli/own/kitchen/118_kit.jpg
112,119,250,250,stimuli/own/kitchen/112_kit.jpg,stimuli/own/kitchen/119_kit.jpg
112,120,251,251,stimuli/own/kitchen/112_kit.jpg,stimuli/own/kitchen/120_kit.jpg
112,121,252,252,stimuli/own/kitchen/112_kit.jpg,stimuli/own/kitchen/121_kit.jpg
112,122,253,253,stimuli/own/kitchen/112_kit.jpg,stimuli/own/kitchen/122_kit.jpg
112,123,254,254,stimuli/own/kitchen/112_kit.jpg,stimuli/own/kitchen/123_kit.jpg
112,124,255,255,stimuli/own/kitchen/112_kit.jpg,stimuli/own/kitchen/124_kit.jpg
112,125,256,256,stimuli/own/kitchen/112_kit.jpg,stimuli/own/kitchen/125_kit.jpg
112,126,257,257,stimuli/own/kitchen/112_kit.jpg,stimuli/own/kitchen/126_kit.jpg
112,127,258,258,stimuli/own/kitchen/112_kit.jpg,stimuli/own/kitchen/127_kit.jpg
112,129,259,259,stimuli/own/kitchen/112_kit.jpg,stimuli/own/kitchen/129_kit.jpg
112,130,260,260,stimuli/own/kitchen/112_kit.jpg,stimuli/own/kitchen/130_kit.jpg
112,131,261,261,stimuli/own/kitchen/112_kit.jpg,stimuli/own/kitchen/131_kit.jpg
112,132,262,262,stimuli/own/kitchen/112_kit.jpg,stimuli/own/kitchen/132_kit.jpg
112,134,263,263,stimuli/own/kitchen/112_kit.jpg,stimuli/own/kitchen/134_kit.jpg
112,135,264,264,stimuli/own/kitchen/112_kit.jpg,stimuli/own/kitchen/135_kit.jpg
112,136,265,265,stimuli/own/kitchen/112_kit.jpg,stimuli/own/kitchen/136_kit.jpg
112,137,266,266,stimuli/own/kitchen/112_kit.jpg,stimuli/own/kitchen/137_kit.jpg
112,138,267,267,stimuli/own/kitchen/112_kit.jpg,stimuli/own/kitchen/138_kit.jpg
112,139,268,268,stimuli/own/kitchen/112_kit.jpg,stimuli/own/kitchen/139_kit.jpg
112,140,269,269,stimuli/own/kitchen/112_kit.jpg,stimuli/own/kitchen/140_kit.jpg
112,141,270,270,stimuli/own/kitchen/112_kit.jpg,stimuli/own/kitchen/141_kit.jpg
113,114,271,271,stimuli/own/kitchen/113_kit.jpg,stimuli/own/kitchen/114_kit.jpg
113,116,272,272,stimuli/own/kitchen/113_kit.jpg,stimuli/own/kitchen/116_kit.jpg
113,117,273,273,stimuli/own/kitchen/113_kit.jpg,stimuli/own/kitchen/117_kit.jpg
113,118,274,274,stimuli/own/kitchen/113_kit.jpg,stimuli/own/kitchen/118_kit.jpg
113,119,275,275,stimuli/own/kitchen/113_kit.jpg,stimuli/own/kitchen/119_kit.jpg
113,120,276,276,stimuli/own/kitchen/113_kit.jpg,stimuli/own/kitchen/120_kit.jpg
113,121,277,277,stimuli/own/kitchen/113_kit.jpg,stimuli/own/kitchen/121_kit.jpg
113,122,278,278,stimuli/own/kitchen/113_kit.jpg,stimuli/own/kitchen/122_kit.jpg
113,123,279,279,stimuli/own/kitchen/113_kit.jpg,stimuli/own/kitchen/123_kit.jpg
113,124,280,280,stimuli/own/kitchen/113_kit.jpg,stimuli/own/kitchen/124_kit.jpg
113,125,281,281,stimuli/own/kitchen/113_kit.jpg,stimuli/own/kitchen/125_kit.jpg
113,126,282,282,stimuli/own/kitchen/113_kit.jpg,stimuli/own/kitchen/126_kit.jpg
113,127,283,283,stimuli/own/kitchen/113_kit.jpg,stimuli/own/kitchen/127_kit.jpg
113,129,284,284,stimuli/own/kitchen/113_kit.jpg,stimuli/own/kitchen/129_kit.jpg
113,130,285,285,stimuli/own/kitchen/113_kit.jpg,stimuli/own/kitchen/130_kit.jpg
113,131,286,286,stimuli/own/kitchen/113_kit.jpg,stimuli/own/kitchen/131_kit.jpg
113,132,287,287,stimuli/own/kitchen/113_kit.jpg,stimuli/own/kitchen/132_kit.jpg
113,134,288,288,stimuli/own/kitchen/113_kit.jpg,stimuli/own/kitchen/134_kit.jpg
113,135,289,289,stimuli/own/kitchen/113_kit.jpg,stimuli/own/kitchen/135_kit.jpg
113,136,290,290,stimuli/own/kitchen/113_kit.jpg,stimuli/own/kitchen/136_kit.jpg
113,137,291,291,stimuli/own/kitchen/113_kit.jpg,stimuli/own/kitchen/137_kit.jpg
113,138,292,292,stimuli/own/kitchen/113_kit.jpg,stimuli/own/kitchen/138_kit.jpg
113,139,293,293,stimuli/own/kitchen/113_kit.jpg,stimuli/own/kitchen/139_kit.jpg
113,140,294,294,stimuli/own/kitchen/113_kit.jpg,stimuli/own/kitchen/140_kit.jpg
113,141,295,295,stimuli/own/kitchen/113_kit.jpg,stimuli/own/kitchen/141_kit.jpg
114,116,296,296,stimuli/own/kitchen/114_kit.jpg,stimuli/own/kitchen/116_kit.jpg
114,117,297,297,stimuli/own/kitchen/114_kit.jpg,stimuli/own/kitchen/117_kit.jpg
114,118,298,298,stimuli/own/kitchen/114_kit.jpg,stimuli/own/kitchen/118_kit.jpg
114,119,299,299,stimuli/own/kitchen/114_kit.jpg,stimuli/own/kitchen/119_kit.jpg
114,120,300,300,stimuli/own/kitchen/114_kit.jpg,stimuli/own/kitchen/120_kit.jpg
114,121,301,301,stimuli/own/kitchen/114_kit.jpg,stimuli/own/kitchen/121_kit.jpg
114,122,302,302,stimuli/own/kitchen/114_kit.jpg,stimuli/own/kitchen/122_kit.jpg
114,123,303,303,stimuli/own/kitchen/114_kit.jpg,stimuli/own/kitchen/123_kit.jpg
114,124,304,304,stimuli/own/kitchen/114_kit.jpg,stimuli/own/kitchen/124_kit.jpg
114,125,305,305,stimuli/own/kitchen/114_kit.jpg,stimuli/own/kitchen/125_kit.jpg
114,126,306,306,stimuli/own/kitchen/114_kit.jpg,stimuli/own/kitchen/126_kit.jpg
114,127,307,307,stimuli/own/kitchen/114_kit.jpg,stimuli/own/kitchen/127_kit.jpg
114,129,308,308,stimuli/own/kitchen/114_kit.jpg,stimuli/own/kitchen/129_kit.jpg
114,130,309,309,stimuli/own/kitchen/114_kit.jpg,stimuli/own/kitchen/130_kit.jpg
114,131,310,310,stimuli/own/kitchen/114_kit.jpg,stimuli/own/kitchen/131_kit.jpg
114,132,311,311,stimuli/own/kitchen/114_kit.jpg,stimuli/own/kitchen/132_kit.jpg
114,134,312,312,stimuli/own/kitchen/114_kit.jpg,stimuli/own/kitchen/134_kit.jpg
114,135,313,313,stimuli/own/kitchen/114_kit.jpg,stimuli/own/kitchen/135_kit.jpg
114,136,314,314,stimuli/own/kitchen/114_kit.jpg,stimuli/own/kitchen/136_kit.jpg
114,137,315,315,stimuli/own/kitchen/114_kit.jpg,stimuli/own/kitchen/137_kit.jpg
114,138,316,316,stimuli/own/kitchen/114_kit.jpg,stimuli/own/kitchen/138_kit.jpg
114,139,317,317,stimuli/own/kitchen/114_kit.jpg,stimuli/own/kitchen/139_kit.jpg
114,140,318,318,stimuli/own/kitchen/114_kit.jpg,stimuli/own/kitchen/140_kit.jpg
114,141,319,319,stimuli/own/kitchen/114_kit.jpg,stimuli/own/kitchen/141_kit.jpg
116,117,320,320,stimuli/own/kitchen/116_kit.jpg,stimuli/own/kitchen/117_kit.jpg
116,118,321,321,stimuli/own/kitchen/116_kit.jpg,stimuli/own/kitchen/118_kit.jpg
116,119,322,322,stimuli/own/kitchen/116_kit.jpg,stimuli/own/kitchen/119_kit.jpg
116,120,323,323,stimuli/own/kitchen/116_kit.jpg,stimuli/own/kitchen/120_kit.jpg
116,121,324,324,stimuli/own/kitchen/116_kit.jpg,stimuli/own/kitchen/121_kit.jpg
116,122,325,325,stimuli/own/kitchen/116_kit.jpg,stimuli/own/kitchen/122_kit.jpg
116,123,326,326,stimuli/own/kitchen/116_kit.jpg,stimuli/own/kitchen/123_kit.jpg
116,124,327,327,stimuli/own/kitchen/116_kit.jpg,stimuli/own/kitchen/124_kit.jpg
116,125,328,328,stimuli/own/kitchen/116_kit.jpg,stimuli/own/kitchen/125_kit.jpg
116,126,329,329,stimuli/own/kitchen/116_kit.jpg,stimuli/own/kitchen/126_kit.jpg
116,127,330,330,stimuli/own/kitchen/116_kit.jpg,stimuli/own/kitchen/127_kit.jpg
116,129,331,331,stimuli/own/kitchen/116_kit.jpg,stimuli/own/kitchen/129_kit.jpg
116,130,332,332,stimuli/own/kitchen/116_kit.jpg,stimuli/own/kitchen/130_kit.jpg
116,131,333,333,stimuli/own/kitchen/116_kit.jpg,stimuli/own/kitchen/131_kit.jpg
116,132,334,334,stimuli/own/kitchen/116_kit.jpg,stimuli/own/kitchen/132_kit.jpg
116,134,335,335,stimuli/own/kitchen/116_kit.jpg,stimuli/own/kitchen/134_kit.jpg
116,135,336,336,stimuli/own/kitchen/116_kit.jpg,stimuli/own/kitchen/135_kit.jpg
116,136,337,337,stimuli/own/kitchen/116_kit.jpg,stimuli/own/kitchen/136_kit.jpg
116,137,338,338,stimuli/own/kitchen/116_kit.jpg,stimuli/own/kitchen/137_kit.jpg
116,138,339,339,stimuli/own/kitchen/116_kit.jpg,stimuli/own/kitchen/138_kit.jpg
116,139,340,340,stimuli/own/kitchen/116_kit.jpg,stimuli/own/kitchen/139_kit.jpg
116,140,341,341,stimuli/own/kitchen/116_kit.jpg,stimuli/own/kitchen/140_kit.jpg
116,141,342,342,stimuli/own/kitchen/116_kit.jpg,stimuli/own/kitchen/141_kit.jpg
117,118,343,343,stimuli/own/kitchen/117_kit.jpg,stimuli/own/kitchen/118_kit.jpg
117,119,344,344,stimuli/own/kitchen/117_kit.jpg,stimuli/own/kitchen/119_kit.jpg
117,120,345,345,stimuli/own/kitchen/117_kit.jpg,stimuli/own/kitchen/120_kit.jpg
117,121,346,346,stimuli/own/kitchen/117_kit.jpg,stimuli/own/kitchen/121_kit.jpg
117,122,347,347,stimuli/own/kitchen/117_kit.jpg,stimuli/own/kitchen/122_kit.jpg
117,123,348,348,stimuli/own/kitchen/117_kit.jpg,stimuli/own/kitchen/123_kit.jpg
117,124,349,349,stimuli/own/kitchen/117_kit.jpg,stimuli/own/kitchen/124_kit.jpg
117,125,350,350,stimuli/own/kitchen/117_kit.jpg,stimuli/own/kitchen/125_kit.jpg
117,126,351,351,stimuli/own/kitchen/117_kit.jpg,stimuli/own/kitchen/126_kit.jpg
117,127,352,352,stimuli/own/kitchen/117_kit.jpg,stimuli/own/kitchen/127_kit.jpg
117,129,353,353,stimuli/own/kitchen/117_kit.jpg,stimuli/own/kitchen/129_kit.jpg
117,130,354,354,stimuli/own/kitchen/117_kit.jpg,stimuli/own/kitchen/130_kit.jpg
117,131,355,355,stimuli/own/kitchen/117_kit.jpg,stimuli/own/kitchen/131_kit.jpg
117,132,356,356,stimuli/own/kitchen/117_kit.jpg,stimuli/own/kitchen/132_kit.jpg
117,134,357,357,stimuli/own/kitchen/117_kit.jpg,stimuli/own/kitchen/134_kit.jpg
117,135,358,358,stimuli/own/kitchen/117_kit.jpg,stimuli/own/kitchen/135_kit.jpg
117,136,359,359,stimuli/own/kitchen/117_kit.jpg,stimuli/own/kitchen/136_kit.jpg
117,137,360,360,stimuli/own/kitchen/117_kit.jpg,stimuli/own/kitchen/137_kit.jpg
117,138,361,361,stimuli/own/kitchen/117_kit.jpg,stimuli/own/kitchen/138_kit.jpg
117,139,362,362,stimuli/own/kitchen/117_kit.jpg,stimuli/own/kitchen/139_kit.jpg
117,140,363,363,stimuli/own/kitchen/117_kit.jpg,stimuli/own/kitchen/140_kit.jpg
117,141,364,364,stimuli/own/kitchen/117_kit.jpg,stimuli/own/kitchen/141_kit.jpg
118,119,365,365,stimuli/own/kitchen/118_kit.jpg,stimuli/own/kitchen/119_kit.jpg
118,120,366,366,stimuli/own/kitchen/118_kit.jpg,stimuli/own/kitchen/120_kit.jpg
118,121,367,367,stimuli/own/kitchen/118_kit.jpg,stimuli/own/kitchen/121_kit.jpg
118,122,368,368,stimuli/own/kitchen/118_kit.jpg,stimuli/own/kitchen/122_kit.jpg
118,123,369,369,stimuli/own/kitchen/118_kit.jpg,stimuli/own/kitchen/123_kit.jpg
118,124,370,370,stimuli/own/kitchen/118_kit.jpg,stimuli/own/kitchen/124_kit.jpg
118,125,371,371,stimuli/own/kitchen/118_kit.jpg,stimuli/own/kitchen/125_kit.jpg
118,126,372,372,stimuli/own/kitchen/118_kit.jpg,stimuli/own/kitchen/126_kit.jpg
118,127,373,373,stimuli/own/kitchen/118_kit.jpg,stimuli/own/kitchen/127_kit.jpg
118,129,374,374,stimuli/own/kitchen/118_kit.jpg,stimuli/own/kitchen/129_kit.jpg
118,130,375,375,stimuli/own/kitchen/118_kit.jpg,stimuli/own/kitchen/130_kit.jpg
118,131,376,376,stimuli/own/kitchen/118_kit.jpg,stimuli/own/kitchen/131_kit.jpg
118,132,377,377,stimuli/own/kitchen/118_kit.jpg,stimuli/own/kitchen/132_kit.jpg
118,134,378,378,stimuli/own/kitchen/118_kit.jpg,stimuli/own/kitchen/134_kit.jpg
118,135,379,379,stimuli/own/kitchen/118_kit.jpg,stimuli/own/kitchen/135_kit.jpg
118,136,380,380,stimuli/own/kitchen/118_kit.jpg,stimuli/own/kitchen/136_kit.jpg
118,137,381,381,stimuli/own/kitchen/118_kit.jpg,stimuli/own/kitchen/137_kit.jpg
118,138,382,382,stimuli/own/kitchen/118_kit.jpg,stimuli/own/kitchen/138_kit.jpg
118,139,383,383,stimuli/own/kitchen/118_kit.jpg,stimuli/own/kitchen/139_kit.jpg
118,140,384,384,stimuli/own/kitchen/118_kit.jpg,stimuli/own/kitchen/140_kit.jpg
118,141,385,385,stimuli/own/kitchen/118_kit.jpg,stimuli/own/kitchen/141_kit.jpg
119,120,386,386,stimuli/own/kitchen/119_kit.jpg,stimuli/own/kitchen/120_kit.jpg
119,121,387,387,stimuli/own/kitchen/119_kit.jpg,stimuli/own/kitchen/121_kit.jpg
119,122,388,388,stimuli/own/kitchen/119_kit.jpg,stimuli/own/kitchen/122_kit.jpg
119,123,389,389,stimuli/own/kitchen/119_kit.jpg,stimuli/own/kitchen/123_kit.jpg
119,124,390,390,stimuli/own/kitchen/119_kit.jpg,stimuli/own/kitchen/124_kit.jpg
119,125,391,391,stimuli/own/kitchen/119_kit.jpg,stimuli/own/kitchen/125_kit.jpg
119,126,392,392,stimuli/own/kitchen/119_kit.jpg,stimuli/own/kitchen/126_kit.jpg
119,127,393,393,stimuli/own/kitchen/119_kit.jpg,stimuli/own/kitchen/127_kit.jpg
119,129,394,394,stimuli/own/kitchen/119_kit.jpg,stimuli/own/kitchen/129_kit.jpg
119,130,395,395,stimuli/own/kitchen/119_kit.jpg,stimuli/own/kitchen/130_kit.jpg
119,131,396,396,stimuli/own/kitchen/119_kit.jpg,stimuli/own/kitchen/131_kit.jpg
119,132,397,397,stimuli/own/kitchen/119_kit.jpg,stimuli/own/kitchen/132_kit.jpg
119,134,398,398,stimuli/own/kitchen/119_kit.jpg,stimuli/own/kitchen/134_kit.jpg
119,135,399,399,stimuli/own/kitchen/119_kit.jpg,stimuli/own/kitchen/135_kit.jpg
119,136,400,400,stimuli/own/kitchen/119_kit.jpg,stimuli/own/kitchen/136_kit.jpg
119,137,401,401,stimuli/own/kitchen/119_kit.jpg,stimuli/own/kitchen/137_kit.jpg
119,138,402,402,stimuli/own/kitchen/119_kit.jpg,stimuli/own/kitchen/138_kit.jpg
119,139,403,403,stimuli/own/kitchen/119_kit.jpg,stimuli/own/kitchen/139_kit.jpg
119,140,404,404,stimuli/own/kitchen/119_kit.jpg,stimuli/own/kitchen/140_kit.jpg
119,141,405,405,stimuli/own/kitchen/119_kit.jpg,stimuli/own/kitchen/141_kit.jpg
120,121,406,406,stimuli/own/kitchen/120_kit.jpg,stimuli/own/kitchen/121_kit.jpg
120,122,407,407,stimuli/own/kitchen/120_kit.jpg,stimuli/own/kitchen/122_kit.jpg
120,123,408,408,stimuli/own/kitchen/120_kit.jpg,stimuli/own/kitchen/123_kit.jpg
120,124,409,409,stimuli/own/kitchen/120_kit.jpg,stimuli/own/kitchen/124_kit.jpg
120,125,410,410,stimuli/own/kitchen/120_kit.jpg,stimuli/own/kitchen/125_kit.jpg
120,126,411,411,stimuli/own/kitchen/120_kit.jpg,stimuli/own/kitchen/126_kit.jpg
120,127,412,412,stimuli/own/kitchen/120_kit.jpg,stimuli/own/kitchen/127_kit.jpg
120,129,413,413,stimuli/own/kitchen/120_kit.jpg,stimuli/own/kitchen/129_kit.jpg
120,130,414,414,stimuli/own/kitchen/120_kit.jpg,stimuli/own/kitchen/130_kit.jpg
120,131,415,415,stimuli/own/kitchen/120_kit.jpg,stimuli/own/kitchen/131_kit.jpg
120,132,416,416,stimuli/own/kitchen/120_kit.jpg,stimuli/own/kitchen/132_kit.jpg
120,134,417,417,stimuli/own/kitchen/120_kit.jpg,stimuli/own/kitchen/134_kit.jpg
120,135,418,418,stimuli/own/kitchen/120_kit.jpg,stimuli/own/kitchen/135_kit.jpg
120,136,419,419,stimuli/own/kitchen/120_kit.jpg,stimuli/own/kitchen/136_kit.jpg
120,137,420,420,stimuli/own/kitchen/120_kit.jpg,stimuli/own/kitchen/137_kit.jpg
120,138,421,421,stimuli/own/kitchen/120_kit.jpg,stimuli/own/kitchen/138_kit.jpg
120,139,422,422,stimuli/own/kitchen/120_kit.jpg,stimuli/own/kitchen/139_kit.jpg
120,140,423,423,stimuli/own/kitchen/120_kit.jpg,stimuli/own/kitchen/140_kit.jpg
120,141,424,424,stimuli/own/kitchen/120_kit.jpg,stimuli/own/kitchen/141_kit.jpg
121,122,425,425,stimuli/own/kitchen/121_kit.jpg,stimuli/own/kitchen/122_kit.jpg
121,123,426,426,stimuli/own/kitchen/121_kit.jpg,stimuli/own/kitchen/123_kit.jpg
121,124,427,427,stimuli/own/kitchen/121_kit.jpg,stimuli/own/kitchen/124_kit.jpg
121,125,428,428,stimuli/own/kitchen/121_kit.jpg,stimuli/own/kitchen/125_kit.jpg
121,126,429,429,stimuli/own/kitchen/121_kit.jpg,stimuli/own/kitchen/126_kit.jpg
121,127,430,430,stimuli/own/kitchen/121_kit.jpg,stimuli/own/kitchen/127_kit.jpg
121,129,431,431,stimuli/own/kitchen/121_kit.jpg,stimuli/own/kitchen/129_kit.jpg
121,130,432,432,stimuli/own/kitchen/121_kit.jpg,stimuli/own/kitchen/130_kit.jpg
121,131,433,433,stimuli/own/kitchen/121_kit.jpg,stimuli/own/kitchen/131_kit.jpg
121,132,434,434,stimuli/own/kitchen/121_kit.jpg,stimuli/own/kitchen/132_kit.jpg
121,134,435,435,stimuli/own/kitchen/121_kit.jpg,stimuli/own/kitchen/134_kit.jpg
121,135,436,436,stimuli/own/kitchen/121_kit.jpg,stimuli/own/kitchen/135_kit.jpg
121,136,437,437,stimuli/own/kitchen/121_kit.jpg,stimuli/own/kitchen/136_kit.jpg
121,137,438,438,stimuli/own/kitchen/121_kit.jpg,stimuli/own/kitchen/137_kit.jpg
121,138,439,439,stimuli/own/kitchen/121_kit.jpg,stimuli/own/kitchen/138_kit.jpg
121,139,440,440,stimuli/own/kitchen/121_kit.jpg,stimuli/own/kitchen/139_kit.jpg
121,140,441,441,stimuli/own/kitchen/121_kit.jpg,stimuli/own/kitchen/140_kit.jpg
121,141,442,442,stimuli/own/kitchen/121_kit.jpg,stimuli/own/kitchen/141_kit.jpg
122,123,443,443,stimuli/own/kitchen/122_kit.jpg,stimuli/own/kitchen/123_kit.jpg
122,124,444,444,stimuli/own/kitchen/122_kit.jpg,stimuli/own/kitchen/124_kit.jpg
122,125,445,445,stimuli/own/kitchen/122_kit.jpg,stimuli/own/kitchen/125_kit.jpg
122,126,446,446,stimuli/own/kitchen/122_kit.jpg,stimuli/own/kitchen/126_kit.jpg
122,127,447,447,stimuli/own/kitchen/122_kit.jpg,stimuli/own/kitchen/127_kit.jpg
122,129,448,448,stimuli/own/kitchen/122_kit.jpg,stimuli/own/kitchen/129_kit.jpg
122,130,449,449,stimuli/own/kitchen/122_kit.jpg,stimuli/own/kitchen/130_kit.jpg
122,131,450,450,stimuli/own/kitchen/122_kit.jpg,stimuli/own/kitchen/131_kit.jpg
122,132,451,451,stimuli/own/kitchen/122_kit.jpg,stimuli/own/kitchen/132_kit.jpg
122,134,452,452,stimuli/own/kitchen/122_kit.jpg,stimuli/own/kitchen/134_kit.jpg
122,135,453,453,stimuli/own/kitchen/122_kit.jpg,stimuli/own/kitchen/135_kit.jpg
122,136,454,454,stimuli/own/kitchen/122_kit.jpg,stimuli/own/kitchen/136_kit.jpg
122,137,455,455,stimuli/own/kitchen/122_kit.jpg,stimuli/own/kitchen/137_kit.jpg
122,138,456,456,stimuli/own/kitchen/122_kit.jpg,stimuli/own/kitchen/138_kit.jpg
122,139,457,457,stimuli/own/kitchen/122_kit.jpg,stimuli/own/kitchen/139_kit.jpg
122,140,458,458,stimuli/own/kitchen/122_kit.jpg,stimuli/own/kitchen/140_kit.jpg
122,141,459,459,stimuli/own/kitchen/122_kit.jpg,stimuli/own/kitchen/141_kit.jpg
123,124,460,460,stimuli/own/kitchen/123_kit.jpg,stimuli/own/kitchen/124_kit.jpg
123,125,461,461,stimuli/own/kitchen/123_kit.jpg,stimuli/own/kitchen/125_kit.jpg
123,126,462,462,stimuli/own/kitchen/123_kit.jpg,stimuli/own/kitchen/126_kit.jpg
123,127,463,463,stimuli/own/kitchen/123_kit.jpg,stimuli/own/kitchen/127_kit.jpg
123,129,464,464,stimuli/own/kitchen/123_kit.jpg,stimuli/own/kitchen/129_kit.jpg
123,130,465,465,stimuli/own/kitchen/123_kit.jpg,stimuli/own/kitchen/130_kit.jpg
123,131,466,466,stimuli/own/kitchen/123_kit.jpg,stimuli/own/kitchen/131_kit.jpg
123,132,467,467,stimuli/own/kitchen/123_kit.jpg,stimuli/own/kitchen/132_kit.jpg
123,134,468,468,stimuli/own/kitchen/123_kit.jpg,stimuli/own/kitchen/134_kit.jpg
123,135,469,469,stimuli/own/kitchen/123_kit.jpg,stimuli/own/kitchen/135_kit.jpg
123,136,470,470,stimuli/own/kitchen/123_kit.jpg,stimuli/own/kitchen/136_kit.jpg
123,137,471,471,stimuli/own/kitchen/123_kit.jpg,stimuli/own/kitchen/137_kit.jpg
123,138,472,472,stimuli/own/kitchen/123_kit.jpg,stimuli/own/kitchen/138_kit.jpg
123,139,473,473,stimuli/own/kitchen/123_kit.jpg,stimuli/own/kitchen/139_kit.jpg
123,140,474,474,stimuli/own/kitchen/123_kit.jpg,stimuli/own/kitchen/140_kit.jpg
123,141,475,475,stimuli/own/kitchen/123_kit.jpg,stimuli/own/kitchen/141_kit.jpg
124,125,476,476,stimuli/own/kitchen/124_kit.jpg,stimuli/own/kitchen/125_kit.jpg
124,126,477,477,stimuli/own/kitchen/124_kit.jpg,stimuli/own/kitchen/126_kit.jpg
124,127,478,478,stimuli/own/kitchen/124_kit.jpg,stimuli/own/kitchen/127_kit.jpg
124,129,479,479,stimuli/own/kitchen/124_kit.jpg,stimuli/own/kitchen/129_kit.jpg
124,130,480,480,stimuli/own/kitchen/124_kit.jpg,stimuli/own/kitchen/130_kit.jpg
124,131,481,481,stimuli/own/kitchen/124_kit.jpg,stimuli/own/kitchen/131_kit.jpg
124,132,482,482,stimuli/own/kitchen/124_kit.jpg,stimuli/own/kitchen/132_kit.jpg
124,134,483,483,stimuli/own/kitchen/124_kit.jpg,stimuli/own/kitchen/134_kit.jpg
124,135,484,484,stimuli/own/kitchen/124_kit.jpg,stimuli/own/kitchen/135_kit.jpg
124,136,485,485,stimuli/own/kitchen/124_kit.jpg,stimuli/own/kitchen/136_kit.jpg
124,137,486,486,stimuli/own/kitchen/124_kit.jpg,stimuli/own/kitchen/137_kit.jpg
124,138,487,487,stimuli/own/kitchen/124_kit.jpg,stimuli/own/kitchen/138_kit.jpg
124,139,488,488,stimuli/own/kitchen/124_kit.jpg,stimuli/own/kitchen/139_kit.jpg
124,140,489,489,stimuli/own/kitchen/124_kit.jpg,stimuli/own/kitchen/140_kit.jpg
124,141,490,490,stimuli/own/kitchen/124_kit.jpg,stimuli/own/kitchen/141_kit.jpg
125,126,491,491,stimuli/own/kitchen/125_kit.jpg,stimuli/own/kitchen/126_kit.jpg
125,127,492,492,stimuli/own/kitchen/125_kit.jpg,stimuli/own/kitchen/127_kit.jpg
125,129,493,493,stimuli/own/kitchen/125_kit.jpg,stimuli/own/kitchen/129_kit.jpg
125,130,494,494,stimuli/own/kitchen/125_kit.jpg,stimuli/own/kitchen/130_kit.jpg
125,131,495,495,stimuli/own/kitchen/125_kit.jpg,stimuli/own/kitchen/131_kit.jpg
125,132,496,496,stimuli/own/kitchen/125_kit.jpg,stimuli/own/kitchen/132_kit.jpg
125,134,497,497,stimuli/own/kitchen/125_kit.jpg,stimuli/own/kitchen/134_kit.jpg
125,135,498,498,stimuli/own/kitchen/125_kit.jpg,stimuli/own/kitchen/135_kit.jpg
125,136,499,499,stimuli/own/kitchen/125_kit.jpg,stimuli/own/kitchen/136_kit.jpg
125,137,500,500,stimuli/own/kitchen/125_kit.jpg,stimuli/own/kitchen/137_kit.jpg
125,138,501,501,stimuli/own/kitchen/125_kit.jpg,stimuli/own/kitchen/138_kit.jpg
125,139,502,502,stimuli/own/kitchen/125_kit.jpg,stimuli/own/kitchen/139_kit.jpg
125,140,503,503,stimuli/own/kitchen/125_kit.jpg,stimuli/own/kitchen/140_kit.jpg
125,141,504,504,stimuli/own/kitchen/125_kit.jpg,stimuli/own/kitchen/141_kit.jpg
126,127,505,505,stimuli/own/kitchen/126_kit.jpg,stimuli/own/kitchen/127_kit.jpg
126,129,506,506,stimuli/own/kitchen/126_kit.jpg,stimuli/own/kitchen/129_kit.jpg
126,130,507,507,stimuli/own/kitchen/126_kit.jpg,stimuli/own/kitchen/130_kit.jpg
126,131,508,508,stimuli/own/kitchen/126_kit.jpg,stimuli/own/kitchen/131_kit.jpg
126,132,509,509,stimuli/own/kitchen/126_kit.jpg,stimuli/own/kitchen/132_kit.jpg
126,134,510,510,stimuli/own/kitchen/126_kit.jpg,stimuli/own/kitchen/134_kit.jpg
126,135,511,511,stimuli/own/kitchen/126_kit.jpg,stimuli/own/kitchen/135_kit.jpg
126,136,512,512,stimuli/own/kitchen/126_kit.jpg,stimuli/own/kitchen/136_kit.jpg
126,137,513,513,stimuli/own/kitchen/126_kit.jpg,stimuli/own/kitchen/137_kit.jpg
126,138,514,514,stimuli/own/kitchen/126_kit.jpg,stimuli/own/kitchen/138_kit.jpg
126,139,515,515,stimuli/own/kitchen/126_kit.jpg,stimuli/own/kitchen/139_kit.jpg
126,140,516,516,stimuli/own/kitchen/126_kit.jpg,stimuli/own/kitchen/140_kit.jpg
126,141,517,517,stimuli/own/kitchen/126_kit.jpg,stimuli/own/kitchen/141_kit.jpg
127,129,518,518,stimuli/own/kitchen/127_kit.jpg,stimuli/own/kitchen/129_kit.jpg
127,130,519,519,stimuli/own/kitchen/127_kit.jpg,stimuli/own/kitchen/130_kit.jpg
127,131,520,520,stimuli/own/kitchen/127_kit.jpg,stimuli/own/kitchen/131_kit.jpg
127,132,521,521,stimuli/own/kitchen/127_kit.jpg,stimuli/own/kitchen/132_kit.jpg
127,134,522,522,stimuli/own/kitchen/127_kit.jpg,stimuli/own/kitchen/134_kit.jpg
127,135,523,523,stimuli/own/kitchen/127_kit.jpg,stimuli/own/kitchen/135_kit.jpg
127,136,524,524,stimuli/own/kitchen/127_kit.jpg,stimuli/own/kitchen/136_kit.jpg
127,137,525,525,stimuli/own/kitchen/127_kit.jpg,stimuli/own/kitchen/137_kit.jpg
127,138,526,526,stimuli/own/kitchen/127_kit.jpg,stimuli/own/kitchen/138_kit.jpg
127,139,527,527,stimuli/own/kitchen/127_kit.jpg,stimuli/own/kitchen/139_kit.jpg
127,140,528,528,stimuli/own/kitchen/127_kit.jpg,stimuli/own/kitchen/140_kit.jpg
127,141,529,529,stimuli/own/kitchen/127_kit.jpg,stimuli/own/kitchen/141_kit.jpg
129,130,530,530,stimuli/own/kitchen/129_kit.jpg,stimuli/own/kitchen/130_kit.jpg
129,131,531,531,stimuli/own/kitchen/129_kit.jpg,stimuli/own/kitchen/131_kit.jpg
129,132,532,532,stimuli/own/kitchen/129_kit.jpg,stimuli/own/kitchen/132_kit.jpg
129,134,533,533,stimuli/own/kitchen/129_kit.jpg,stimuli/own/kitchen/134_kit.jpg
129,135,534,534,stimuli/own/kitchen/129_kit.jpg,stimuli/own/kitchen/135_kit.jpg
129,136,535,535,stimuli/own/kitchen/129_kit.jpg,stimuli/own/kitchen/136_kit.jpg
129,137,536,536,stimuli/own/kitchen/129_kit.jpg,stimuli/own/kitchen/137_kit.jpg
129,138,537,537,stimuli/own/kitchen/129_kit.jpg,stimuli/own/kitchen/138_kit.jpg
129,139,538,538,stimuli/own/kitchen/129_kit.jpg,stimuli/own/kitchen/139_kit.jpg
129,140,539,539,stimuli/own/kitchen/129_kit.jpg,stimuli/own/kitchen/140_kit.jpg
129,141,540,540,stimuli/own/kitchen/129_kit.jpg,stimuli/own/kitchen/141_kit.jpg
130,131,541,541,stimuli/own/kitchen/130_kit.jpg,stimuli/own/kitchen/131_kit.jpg
130,132,542,542,stimuli/own/kitchen/130_kit.jpg,stimuli/own/kitchen/132_kit.jpg
130,134,543,543,stimuli/own/kitchen/130_kit.jpg,stimuli/own/kitchen/134_kit.jpg
130,135,544,544,stimuli/own/kitchen/130_kit.jpg,stimuli/own/kitchen/135_kit.jpg
130,136,545,545,stimuli/own/kitchen/130_kit.jpg,stimuli/own/kitchen/136_kit.jpg
130,137,546,546,stimuli/own/kitchen/130_kit.jpg,stimuli/own/kitchen/137_kit.jpg
130,138,547,547,stimuli/own/kitchen/130_kit.jpg,stimuli/own/kitchen/138_kit.jpg
130,139,548,548,stimuli/own/kitchen/130_kit.jpg,stimuli/own/kitchen/139_kit.jpg
130,140,549,549,stimuli/own/kitchen/130_kit.jpg,stimuli/own/kitchen/140_kit.jpg
130,141,550,550,stimuli/own/kitchen/130_kit.jpg,stimuli/own/kitchen/141_kit.jpg
131,132,551,551,stimuli/own/kitchen/131_kit.jpg,stimuli/own/kitchen/132_kit.jpg
131,134,552,552,stimuli/own/kitchen/131_kit.jpg,stimuli/own/kitchen/134_kit.jpg
131,135,553,553,stimuli/own/kitchen/131_kit.jpg,stimuli/own/kitchen/135_kit.jpg
131,136,554,554,stimuli/own/kitchen/131_kit.jpg,stimuli/own/kitchen/136_kit.jpg
131,137,555,555,stimuli/own/kitchen/131_kit.jpg,stimuli/own/kitchen/137_kit.jpg
131,138,556,556,stimuli/own/kitchen/131_kit.jpg,stimuli/own/kitchen/138_kit.jpg
131,139,557,557,stimuli/own/kitchen/131_kit.jpg,stimuli/own/kitchen/139_kit.jpg
131,140,558,558,stimuli/own/kitchen/131_kit.jpg,stimuli/own/kitchen/140_kit.jpg
131,141,559,559,stimuli/own/kitchen/131_kit.jpg,stimuli/own/kitchen/141_kit.jpg
132,134,560,560,stimuli/own/kitchen/132_kit.jpg,stimuli/own/kitchen/134_kit.jpg
132,135,561,561,stimuli/own/kitchen/132_kit.jpg,stimuli/own/kitchen/135_kit.jpg
132,136,562,562,stimuli/own/kitchen/132_kit.jpg,stimuli/own/kitchen/136_kit.jpg
132,137,563,563,stimuli/own/kitchen/132_kit.jpg,stimuli/own/kitchen/137_kit.jpg
132,138,564,564,stimuli/own/kitchen/132_kit.jpg,stimuli/own/kitchen/138_kit.jpg
132,139,565,565,stimuli/own/kitchen/132_kit.jpg,stimuli/own/kitchen/139_kit.jpg
132,140,566,566,stimuli/own/kitchen/132_kit.jpg,stimuli/own/kitchen/140_kit.jpg
132,141,567,567,stimuli/own/kitchen/132_kit.jpg,stimuli/own/kitchen/141_kit.jpg
134,135,568,568,stimuli/own/kitchen/134_kit.jpg,stimuli/own/kitchen/135_kit.jpg
134,136,569,569,stimuli/own/kitchen/134_kit.jpg,stimuli/own/kitchen/136_kit.jpg
134,137,570,570,stimuli/own/kitchen/134_kit.jpg,stimuli/own/kitchen/137_kit.jpg
134,138,571,571,stimuli/own/kitchen/134_kit.jpg,stimuli/own/kitchen/138_kit.jpg
134,139,572,572,stimuli/own/kitchen/134_kit.jpg,stimuli/own/kitchen/139_kit.jpg
134,140,573,573,stimuli/own/kitchen/134_kit.jpg,stimuli/own/kitchen/140_kit.jpg
134,141,574,574,stimuli/own/kitchen/134_kit.jpg,stimuli/own/kitchen/141_kit.jpg
135,136,575,575,stimuli/own/kitchen/135_kit.jpg,stimuli/own/kitchen/136_kit.jpg
135,137,576,576,stimuli/own/kitchen/135_kit.jpg,stimuli/own/kitchen/137_kit.jpg
135,138,577,577,stimuli/own/kitchen/135_kit.jpg,stimuli/own/kitchen/138_kit.jpg
135,139,578,578,stimuli/own/kitchen/135_kit.jpg,stimuli/own/kitchen/139_kit.jpg
135,140,579,579,stimuli/own/kitchen/135_kit.jpg,stimuli/own/kitchen/140_kit.jpg
135,141,580,580,stimuli/own/kitchen/135_kit.jpg,stimuli/own/kitchen/141_kit.jpg
136,137,581,581,stimuli/own/kitchen/136_kit.jpg,stimuli/own/kitchen/137_kit.jpg
136,138,582,582,stimuli/own/kitchen/136_kit.jpg,stimuli/own/kitchen/138_kit.jpg
136,139,583,583,stimuli/own/kitchen/136_kit.jpg,stimuli/own/kitchen/139_kit.jpg
136,140,584,584,stimuli/own/kitchen/136_kit.jpg,stimuli/own/kitchen/140_kit.jpg
136,141,585,585,stimuli/own/kitchen/136_kit.jpg,stimuli/own/kitchen/141_kit.jpg
137,138,586,586,stimuli/own/kitchen/137_kit.jpg,stimuli/own/kitchen/138_kit.jpg
137,139,587,587,stimuli/own/kitchen/137_kit.jpg,stimuli/own/kitchen/139_kit.jpg
137,140,588,588,stimuli/own/kitchen/137_kit.jpg,stimuli/own/kitchen/140_kit.jpg
137,141,589,589,stimuli/own/kitchen/137_kit.jpg,stimuli/own/kitchen/141_kit.jpg
138,139,590,590,stimuli/own/kitchen/138_kit.jpg,stimuli/own/kitchen/139_kit.jpg
138,140,591,591,stimuli/own/kitchen/138_kit.jpg,stimuli/own/kitchen/140_kit.jpg
138,141,592,592,stimuli/own/kitchen/138_kit.jpg,stimuli/own/kitchen/141_kit.jpg
139,140,593,593,stimuli/own/kitchen/139_kit.jpg,stimuli/own/kitchen/140_kit.jpg
139,141,594,594,stimuli/own/kitchen/139_kit.jpg,stimuli/own/kitchen/141_kit.jpg
140,141,595,595,stimuli/own/kitchen/140_kit.jpg,stimuli/own/kitchen/141_kit.jpg
105,117,138,596,stimuli/own/kitchen/105_kit.jpg,stimuli/own/kitchen/117_kit.jpg
105,117,138,597,stimuli/own/kitchen/105_kit.jpg,stimuli/own/kitchen/117_kit.jpg
105,117,138,598,stimuli/own/kitchen/105_kit.jpg,stimuli/own/kitchen/117_kit.jpg
105,117,138,599,stimuli/own/kitchen/105_kit.jpg,stimuli/own/kitchen/117_kit.jpg
136,139,583,600,stimuli/own/kitchen/136_kit.jpg,stimuli/own/kitchen/139_kit.jpg
136,139,583,601,stimuli/own/kitchen/136_kit.jpg,stimuli/own/kitchen/139_kit.jpg
136,139,583,602,stimuli/own/kitchen/136_kit.jpg,stimuli/own/kitchen/139_kit.jpg
136,139,583,603,stimuli/own/kitchen/136_kit.jpg,stimuli/own/kitchen/139_kit.jpg
102,139,65,604,stimuli/own/kitchen/102_kit.jpg,stimuli/own/kitchen/139_kit.jpg
102,139,65,605,stimuli/own/kitchen/102_kit.jpg,stimuli/own/kitchen/139_kit.jpg
102,139,65,606,stimuli/own/kitchen/102_kit.jpg,stimuli/own/kitchen/139_kit.jpg
102,139,65,607,stimuli/own/kitchen/102_kit.jpg,stimuli/own/kitchen/139_kit.jpg
112,132,262,608,stimuli/own/kitchen/112_kit.jpg,stimuli/own/kitchen/132_kit.jpg
112,132,262,609,stimuli/own/kitchen/112_kit.jpg,stimuli/own/kitchen/132_kit.jpg
112,132,262,610,stimuli/own/kitchen/112_kit.jpg,stimuli/own/kitchen/132_kit.jpg
112,132,262,611,stimuli/own/kitchen/112_kit.jpg,stimuli/own/kitchen/132_kit.jpg
104,131,121,612,stimuli/own/kitchen/104_kit.jpg,stimuli/own/kitchen/131_kit.jpg
104,131,121,613,stimuli/own/kitchen/104_kit.jpg,stimuli/own/kitchen/131_kit.jpg
104,131,121,614,stimuli/own/kitchen/104_kit.jpg,stimuli/own/kitchen/131_kit.jpg
104,131,121,615,stimuli/own/kitchen/104_kit.jpg,stimuli/own/kitchen/131_kit.jpg
